company,username,address,birthdate
Galvan and Sons,reidpam,"7654 Johnson Ridges Suite 484
Port Lisa, MO 32512",1916-11-14
Figueroa-Brown,brettmayer,"48355 Scott Mountain Apt. 544
Mccartyfurt, GA 19674",1922-01-14
"Foster, Alexander and Brown",melissanolan,"22644 Sanford Inlet Suite 791
Stoneberg, AR 37842",2006-07-10
"Bridges, Carney and Schmitt",anne65,"173 Roger Fords Suite 193
New Brandon, AK 03035",1964-09-15
Bryant Inc,davidjohnson,"1429 Davila Fords Suite 985
Christophermouth, FL 65088",1939-11-27
Stanley-Collier,xkelly,"687 Eric Walk
Susanfort, IL 08880",1926-06-23
Smith-Bell,bnunez,"423 Connor Point Suite 449
Lopezfort, CO 57955",1980-05-09
Short and Sons,wrichards,"25815 Boyd Orchard Apt. 599
North Ronald, OK 47753",1984-09-17
Gill-Davis,suarezrobert,"058 Cristian Way
Pamelaland, AL 33622",1907-08-01
Sexton-Douglas,ashleykelley,"2240 Gabriella Cliffs Suite 075
New Tyler, MA 82076",2012-10-31
